topic,sub_step,name,difficulty,link
Learn the basics,Things to Know in C++/Java/Python or any language,Input Output,Easy,https://takeuforward.org/c/c-basic-input-output/
Learn the basics,Things to Know in C++/Java/Python or any language,Cpp Basics,Easy,https://takeuforward.org/data-structure/what-are-arrays-strings
Learn the basics,Things to Know in C++/Java/Python or any language,If ElseIf,Easy,https://takeuforward.org/if-else/if-else-statements/
Learn the basics,Things to Know in C++/Java/Python or any language,Switch Case,Easy,https://takeuforward.org/switch-case/switch-case-statements/
Learn the basics,Things to Know in C++/Java/Python or any language,"What are arrays, strings?",Easy,https://takeuforward.org/data-structure/what-are-arrays-strings
Learn the basics,Things to Know in C++/Java/Python or any language,For loops,Easy,https://takeuforward.org/for-loop/understanding-for-loop/
Learn the basics,Things to Know in C++/Java/Python or any language,While loops,Easy,https://takeuforward.org/while-loop/while-loops-in-programming/
Learn the basics,Things to Know in C++/Java/Python or any language,Functions (Pass by Reference and Value),Easy,https://takeuforward.org/data-structure/functions-pass-by-reference-and-value
Learn the basics,Things to Know in C++/Java/Python or any language,Theory with examples,Easy,https://takeuforward.org/time-complexity/time-and-space-complexity-strivers-a2z-dsa-course/
Learn the basics,Build-up Logical Thinking,Easy and Medium,Easy,https://takeuforward.org/strivers-a2z-dsa-course/must-do-pattern-problems-before-starting-dsa/
Learn the basics,Build-up Logical Thinking,Hard,Easy,https://takeuforward.org/strivers-a2z-dsa-course/must-do-pattern-problems-before-starting-dsa/
Learn the basics,Patterns,Pattern 1,Easy,https://takeuforward.org/strivers-a2z-dsa-course/must-do-pattern-problems-before-starting-dsa/
Learn the basics,Patterns,Pattern 2,Easy,https://takeuforward.org/strivers-a2z-dsa-course/must-do-pattern-problems-before-starting-dsa/
Learn the basics,Patterns,Pattern 3,Easy,https://takeuforward.org/strivers-a2z-dsa-course/must-do-pattern-problems-before-starting-dsa/
Learn the basics,Patterns,Pattern 4,Easy,https://takeuforward.org/strivers-a2z-dsa-course/must-do-pattern-problems-before-starting-dsa/
Learn the basics,Patterns,Pattern 5,Easy,https://takeuforward.org/strivers-a2z-dsa-course/must-do-pattern-problems-before-starting-dsa/
Learn the basics,Patterns,Pattern 6,Easy,https://takeuforward.org/strivers-a2z-dsa-course/must-do-pattern-problems-before-starting-dsa/
Learn the basics,Patterns,Pattern 7,Easy,https://takeuforward.org/strivers-a2z-dsa-course/must-do-pattern-problems-before-starting-dsa/
Learn the basics,Patterns,Pattern 8,Easy,https://takeuforward.org/strivers-a2z-dsa-course/must-do-pattern-problems-before-starting-dsa/
Learn the basics,Patterns,Pattern 9,Easy,https://takeuforward.org/strivers-a2z-dsa-course/must-do-pattern-problems-before-starting-dsa/
Learn the basics,Patterns,Pattern 10,Easy,https://takeuforward.org/strivers-a2z-dsa-course/must-do-pattern-problems-before-starting-dsa/
Learn the basics,Patterns,Pattern 11,Easy,https://takeuforward.org/strivers-a2z-dsa-course/must-do-pattern-problems-before-starting-dsa/
Learn the basics,Patterns,Pattern 12,Easy,https://takeuforward.org/strivers-a2z-dsa-course/must-do-pattern-problems-before-starting-dsa/
Learn the basics,Patterns,Pattern 13,Easy,https://takeuforward.org/strivers-a2z-dsa-course/must-do-pattern-problems-before-starting-dsa/
Learn the basics,Patterns,Pattern 14,Easy,https://takeuforward.org/strivers-a2z-dsa-course/must-do-pattern-problems-before-starting-dsa/
Learn the basics,Patterns,Pattern 15,Easy,https://takeuforward.org/strivers-a2z-dsa-course/must-do-pattern-problems-before-starting-dsa/
Learn the basics,Patterns,Pattern 16,Easy,https://takeuforward.org/strivers-a2z-dsa-course/must-do-pattern-problems-before-starting-dsa/
Learn the basics,Patterns,Pattern 17,Easy,https://takeuforward.org/strivers-a2z-dsa-course/must-do-pattern-problems-before-starting-dsa/
Learn the basics,Patterns,Pattern 18,Easy,https://takeuforward.org/strivers-a2z-dsa-course/must-do-pattern-problems-before-starting-dsa/
Learn the basics,Patterns,Pattern 19,Easy,https://takeuforward.org/strivers-a2z-dsa-course/must-do-pattern-problems-before-starting-dsa/
Learn the basics,Patterns,Pattern 20,Medium,https://takeuforward.org/strivers-a2z-dsa-course/must-do-pattern-problems-before-starting-dsa/
Learn the basics,Patterns,Pattern 21,Medium,https://takeuforward.org/strivers-a2z-dsa-course/must-do-pattern-problems-before-starting-dsa/
Learn the basics,Patterns,Pattern 22,Medium,https://takeuforward.org/strivers-a2z-dsa-course/must-do-pattern-problems-before-starting-dsa/
Learn the basics,Learn STL/Java-Collections or similar thing in your language,STL,Easy,https://takeuforward.org/c/c-stl-tutorial-most-frequent-used-stl-containers/
Learn the basics,Learn STL/Java-Collections or similar thing in your language,Java Collections,Easy,https://takeuforward.org/data-structure/java-collections
Learn the basics,Know Basic Maths,Count all Digits of a Number,Easy,https://takeuforward.org/data-structure/count-digits-in-a-number/
Learn the basics,Know Basic Maths,Reverse a number,Easy,https://leetcode.com/problems/reverse-integer/
Learn the basics,Know Basic Maths,Palindrome Number,Easy,https://leetcode.com/problems/palindrome-number/
Learn the basics,Know Basic Maths,GCD of Two Numbers,Easy,https://takeuforward.org/data-structure/find-gcd-of-two-numbers/
Learn the basics,Know Basic Maths,Check if the Number is Armstrong,Easy,https://leetcode.com/problems/armstrong-number/
Learn the basics,Know Basic Maths,Print all Divisors,Easy,https://takeuforward.org/data-structure/print-all-divisors-of-a-given-number/
Learn the basics,Know Basic Maths,Check for Prime Number,Easy,https://takeuforward.org/data-structure/check-if-a-number-is-prime-or-not/
Learn the basics,Learn Basic Recursion,Understand recursion by print something N times,Easy,https://takeuforward.org/recursion/introduction-to-recursion-understand-recursion-by-printing-something-n-times/
Learn the basics,Learn Basic Recursion,Print name N times using recursion,Easy,https://takeuforward.org/recursion/print-name-n-times-using-recursion/
Learn the basics,Learn Basic Recursion,Print 1 to N using Recursion,Easy,https://takeuforward.org/recursion/print-1-to-n-using-recursion/
Learn the basics,Learn Basic Recursion,Print N to 1 using Recursion,Easy,https://takeuforward.org/recursion/print-n-to-1-using-recursion/
Learn the basics,Learn Basic Recursion,Sum of First N Numbers,Easy,https://takeuforward.org/data-structure/sum-of-first-n-natural-numbers/
Learn the basics,Learn Basic Recursion,Factorial of a given number,Easy,https://takeuforward.org/data-structure/factorial-of-a-number-iterative-and-recursive
Learn the basics,Learn Basic Recursion,Reverse an array,Easy,https://takeuforward.org/data-structure/reverse-a-given-array/
Learn the basics,Learn Basic Recursion,Check if String is Palindrome or Not,Easy,https://leetcode.com/problems/valid-palindrome/
Learn the basics,Learn Basic Recursion,Fibonacci Number,Easy,https://leetcode.com/problems/fibonacci-number/
Learn the basics,Learn Basic Hashing,Basic Hashing,Easy,https://takeuforward.org/hashing/hashing-maps-time-complexity-collisions-division-rule-of-hashing-strivers-a2z-dsa-course/
Learn the basics,Learn Basic Hashing,Counting Frequencies of Array Elements,Easy,https://takeuforward.org/data-structure/count-frequency-of-each-element-in-the-array/
Learn the basics,Learn Basic Hashing,Highest Occurring Element in an Array,Easy,https://leetcode.com/problems/frequency-of-the-most-frequent-element/
Learn Important Sorting Techniques,Sorting-I,Selection Sort,Easy,https://takeuforward.org/sorting/selection-sort-algorithm/
Learn Important Sorting Techniques,Sorting-I,Bubble Sort,Easy,https://takeuforward.org/data-structure/bubble-sort-algorithm/
Learn Important Sorting Techniques,Sorting-I,Insertion Sorting,Easy,https://takeuforward.org/data-structure/insertion-sort-algorithm/
Learn Important Sorting Techniques,Sorting-II,Merge Sorting,Medium,https://takeuforward.org/data-structure/merge-sort-algorithm/
Learn Important Sorting Techniques,Sorting-II,Recursive Bubble Sort,Easy,https://takeuforward.org/arrays/recursive-bubble-sort-algorithm/
Learn Important Sorting Techniques,Sorting-II,Recursive Insertion Sort,Easy,https://takeuforward.org/arrays/recursive-insertion-sort-algorithm/
Learn Important Sorting Techniques,Sorting-II,Quick Sorting,Easy,https://takeuforward.org/data-structure/quick-sort-algorithm/
Solve Problems on Arrays,Easy,Largest Element,Easy,https://takeuforward.org/data-structure/find-the-largest-element-in-an-array/
Solve Problems on Arrays,Easy,Second Largest Element,Easy,https://takeuforward.org/data-structure/find-second-smallest-and-second-largest-element-in-an-array/
Solve Problems on Arrays,Easy,Check if the Array is Sorted II,Easy,"https://leetcode.com/problems/check-if-array-is-sorted-and-rotated/#:~:text=Input%3A%20nums%20%3D%20%5B2%2C,no%20rotation)%20to%20make%20nums."
Solve Problems on Arrays,Easy,Remove duplicates from Sorted array,Easy,"https://leetcode.com/problems/remove-duplicates-from-sorted-array/#:~:text=Input%3A%20nums%20%3D%20%5B0%2C,%2C%203%2C%20and%204%20respectively."
Solve Problems on Arrays,Easy,Left Rotate Array by One,Easy,https://leetcode.com/problems/rotate-array/
Solve Problems on Arrays,Easy,Left Rotate Array by K Places,Easy,https://leetcode.com/problems/rotate-array/
Solve Problems on Arrays,Easy,Move Zeros to End,Easy,https://leetcode.com/problems/move-zeroes/
Solve Problems on Arrays,Easy,Linear Search,Easy,https://takeuforward.org/data-structure/linear-search-in-c/
Solve Problems on Arrays,Easy,Union of two sorted arrays,Easy,https://takeuforward.org/data-structure/union-of-two-sorted-arrays/
Solve Problems on Arrays,Easy,Find missing number,Easy,https://www.geeksforgeeks.org/find-the-missing-number/
Solve Problems on Arrays,Easy,Maximum Consecutive Ones,Easy,https://leetcode.com/problems/max-consecutive-ones/
Solve Problems on Arrays,Easy,"Find the number that appears once, and other numbers twice.",Medium,https://leetcode.com/problems/single-number/
Solve Problems on Arrays,Easy,Longest subarray with given sum K(positives),Medium,https://takeuforward.org/data-structure/longest-subarray-with-given-sum-k/
Solve Problems on Arrays,Easy,Longest subarray with sum K,Medium,https://takeuforward.org/data-structure/length-of-the-longest-subarray-with-zero-sum/
Solve Problems on Arrays,Medium,Two Sum,Easy,https://leetcode.com/problems/two-sum/
Solve Problems on Arrays,Medium,Sort an array of 0's 1's and 2's,Medium,https://leetcode.com/problems/sort-colors/
Solve Problems on Arrays,Medium,Majority Element-I,Easy,https://leetcode.com/problems/majority-element/
Solve Problems on Arrays,Medium,Kadane's Algorithm,Medium,https://leetcode.com/problems/maximum-subarray/
Solve Problems on Arrays,Medium,Print subarray with maximum subarray sum (extended version of above problem),Medium,https://takeuforward.org/data-structure/kadanes-algorithm-maximum-subarray-sum-in-an-array/
Solve Problems on Arrays,Medium,Stock Buy and Sell,Medium,https://leetcode.com/problems/best-time-to-buy-and-sell-stock/
Solve Problems on Arrays,Medium,Rearrange array elements by sign,Medium,https://leetcode.com/problems/rearrange-array-elements-by-sign/
Solve Problems on Arrays,Medium,Next Permutation,Medium,https://leetcode.com/problems/next-permutation/
Solve Problems on Arrays,Medium,Leaders in an Array,Medium,https://takeuforward.org/data-structure/leaders-in-an-array/
Solve Problems on Arrays,Medium,Longest Consecutive Sequence in an Array,Medium,https://leetcode.com/problems/longest-consecutive-sequence/solution/
Solve Problems on Arrays,Medium,Set Matrix Zeroes,Medium,https://leetcode.com/problems/set-matrix-zeroes/
Solve Problems on Arrays,Medium,Rotate matrix by 90 degrees,Medium,https://leetcode.com/problems/rotate-image/
Solve Problems on Arrays,Medium,Print the matrix in spiral manner,Medium,https://leetcode.com/problems/spiral-matrix/
Solve Problems on Arrays,Medium,Count subarrays with given sum,Medium,https://leetcode.com/problems/subarray-sum-equals-k/
Solve Problems on Arrays,Hard,Pascal's Triangle I,Easy,https://leetcode.com/problems/pascals-triangle/
Solve Problems on Arrays,Hard,Majority Element-II,Hard,https://leetcode.com/problems/majority-element-ii/
Solve Problems on Arrays,Hard,3 Sum,Medium,https://leetcode.com/problems/3sum/
Solve Problems on Arrays,Hard,4 Sum,Medium,https://leetcode.com/problems/4sum/
Solve Problems on Arrays,Hard,Largest Subarray with Sum 0,Medium,https://takeuforward.org/data-structure/length-of-the-longest-subarray-with-zero-sum/
Solve Problems on Arrays,Hard,Count subarrays with given xor K,Hard,https://takeuforward.org/data-structure/count-the-number-of-subarrays-with-given-xor-k/
Solve Problems on Arrays,Hard,Merge Overlapping Subintervals,Medium,https://leetcode.com/problems/merge-intervals/
Solve Problems on Arrays,Hard,Merge two sorted arrays without extra space,Medium,https://leetcode.com/problems/merge-sorted-array/
Solve Problems on Arrays,Hard,Find the repeating and missing number,Hard,https://takeuforward.org/data-structure/find-the-repeating-and-missing-numbers/
Solve Problems on Arrays,Hard,Count Inversions,Hard,https://takeuforward.org/data-structure/count-inversions-in-an-array
Solve Problems on Arrays,Hard,Reverse Pairs,Hard,https://leetcode.com/problems/reverse-pairs/
Solve Problems on Arrays,Hard,Maximum Product Subarray in an Array,Hard,https://leetcode.com/problems/maximum-product-subarray/
Binary Search,BS on 1D Arrays,Search X in sorted array,Easy,https://leetcode.com/problems/binary-search/
Binary Search,BS on 1D Arrays,Lower Bound,Easy,https://takeuforward.org/arrays/implement-lower-bound-bs-2/
Binary Search,BS on 1D Arrays,Upper Bound,Easy,https://takeuforward.org/arrays/implement-upper-bound/
Binary Search,BS on 1D Arrays,Search insert position,Easy,"https://leetcode.com/problems/search-insert-position/#:~:text=Search%20Insert%20Position%20%2D%20LeetCode&text=Given%20a%20sorted%20array%20of,(log%20n)%20runtime%20complexity."
Binary Search,BS on 1D Arrays,Floor and Ceil in Sorted Array,Easy,https://takeuforward.org/arrays/floor-and-ceil-in-sorted-array/
Binary Search,BS on 1D Arrays,First and last occurrence,Easy,https://leetcode.com/problems/find-first-and-last-position-of-element-in-sorted-array/
Binary Search,BS on 1D Arrays,Count Occurrences in a Sorted Array,Easy,https://takeuforward.org/data-structure/count-occurrences-in-sorted-array/
Binary Search,BS on 1D Arrays,Search in rotated sorted array-I,Medium,https://leetcode.com/problems/search-in-rotated-sorted-array/
Binary Search,BS on 1D Arrays,Search in rotated sorted array-II,Medium,https://leetcode.com/problems/search-in-rotated-sorted-array-ii/
Binary Search,BS on 1D Arrays,Find minimum in Rotated Sorted Array,Easy,https://leetcode.com/problems/find-minimum-in-rotated-sorted-array/
Binary Search,BS on 1D Arrays,Find out how many times the array is rotated,Easy,https://takeuforward.org/arrays/find-out-how-many-times-the-array-has-been-rotated/
Binary Search,BS on 1D Arrays,Single element in a Sorted Array,Medium,https://leetcode.com/problems/single-element-in-a-sorted-array/
Binary Search,BS on 1D Arrays,Find peak element,Medium,"https://leetcode.com/problems/find-peak-element/#:~:text=Find%20Peak%20Element%20%2D%20LeetCode&text=A%20peak%20element%20is%20an,to%20any%20of%20the%20peaks."
Binary Search,BS on Answers,Find square root of a number,Medium,https://takeuforward.org/binary-search/finding-sqrt-of-a-number-using-binary-search/
Binary Search,BS on Answers,Find Nth root of a number,Medium,https://takeuforward.org/data-structure/nth-root-of-a-number-using-binary-search/
Binary Search,BS on Answers,Koko eating bananas,Medium,https://leetcode.com/problems/koko-eating-bananas/
Binary Search,BS on Answers,Minimum days to make M bouquets,Medium,https://leetcode.com/problems/minimum-number-of-days-to-make-m-bouquets/
Binary Search,BS on Answers,Find the smallest divisor,Medium,https://leetcode.com/problems/find-the-smallest-divisor-given-a-threshold/
Binary Search,BS on Answers,Capacity to Ship Packages Within D Days,Medium,https://leetcode.com/problems/capacity-to-ship-packages-within-d-days/
Binary Search,BS on Answers,Kth Missing Positive Number,Medium,"https://leetcode.com/problems/kth-missing-positive-number/#:~:text=Given%20an%20array%20arr%20of,13%2C...%5D."
Binary Search,BS on Answers,Aggressive Cows,Hard,https://takeuforward.org/data-structure/aggressive-cows-detailed-solution/
Binary Search,BS on Answers,Book Allocation Problem,Hard,https://takeuforward.org/data-structure/allocate-minimum-number-of-pages/
Binary Search,BS on Answers,Split array - largest sum,Hard,https://leetcode.com/problems/split-array-largest-sum/
Binary Search,BS on Answers,Painter's Partition,Medium,https://takeuforward.org/arrays/painters-partition-problem/
Binary Search,BS on Answers,Minimize Max Distance to Gas Station,Hard,https://leetcode.com/problems/minimize-max-distance-to-gas-station/
Binary Search,BS on Answers,Median of 2 sorted arrays,Hard,https://leetcode.com/problems/median-of-two-sorted-arrays/
Binary Search,BS on Answers,Kth element of 2 sorted arrays,Medium,https://takeuforward.org/data-structure/k-th-element-of-two-sorted-arrays/
Binary Search,BS on 2D Arrays,Find row with maximum 1's,Easy,https://takeuforward.org/arrays/find-the-row-with-maximum-number-of-1s/
Binary Search,BS on 2D Arrays,Search in a 2D matrix,Hard,https://leetcode.com/problems/search-a-2d-matrix/
Binary Search,BS on 2D Arrays,Search in 2D matrix - II,Hard,https://leetcode.com/problems/search-a-2d-matrix-ii/
Binary Search,BS on 2D Arrays,Find Peak Element - II,Medium,https://leetcode.com/problems/find-a-peak-element-ii/
Binary Search,BS on 2D Arrays,Matrix Median,Hard,https://takeuforward.org/data-structure/median-of-row-wise-sorted-matrix/
Strings,Basic and Easy String Problems,Remove Outermost Parentheses,Medium,https://leetcode.com/problems/remove-outermost-parentheses/
Strings,Basic and Easy String Problems,Reverse words in a given string / Palindrome Check,Medium,https://leetcode.com/problems/reverse-words-in-a-string/
Strings,Basic and Easy String Problems,Largest Odd Number in a String,Easy,https://leetcode.com/problems/largest-odd-number-in-string/
Strings,Basic and Easy String Problems,Longest Common Prefix,Easy,https://leetcode.com/problems/longest-common-prefix/
Strings,Basic and Easy String Problems,Isomorphic String,Easy,https://leetcode.com/problems/isomorphic-strings/
Strings,Basic and Easy String Problems,Rotate String,Easy,https://leetcode.com/problems/rotate-string/
Strings,Basic and Easy String Problems,Check if two strings are anagram of each other,Easy,"https://leetcode.com/problems/valid-anagram/#:~:text=Given%20two%20strings%20s%20and,the%20original%20letters%20exactly%20once.&text=Constraints%3A,.length%20%3C%3D%205%20*%2010"
Strings,Medium String Problems,Sort Characters by Frequency,Easy,https://leetcode.com/problems/sort-characters-by-frequency/
Strings,Medium String Problems,Maximum Nesting Depth of the Parentheses,Medium,https://leetcode.com/problems/maximum-nesting-depth-of-the-parentheses/
Strings,Medium String Problems,Roman to Integer,Medium,https://leetcode.com/problems/roman-to-integer/
Strings,Medium String Problems,String to Integer (atoi),Medium,https://leetcode.com/problems/string-to-integer-atoi/
Strings,Medium String Problems,Count Number of Substrings,Easy,https://takeuforward.org/data-structure/count-number-of-substrings
Strings,Medium String Problems,Longest Palindromic Substring,Medium,https://leetcode.com/problems/longest-palindromic-substring/
Strings,Medium String Problems,Sum of Beauty of All Substrings,Medium,https://leetcode.com/problems/sum-of-beauty-of-all-substrings/
Strings,Medium String Problems,Reverse every word in a string,Medium,https://leetcode.com/problems/reverse-words-in-a-string/
Learn LinkedList,Learn 1D LinkedList,Introduction to Singly LinkedList,Easy,https://takeuforward.org/linked-list/linked-list-introduction
Learn LinkedList,Learn 1D LinkedList,Insertion at the head of Linked List,Easy,https://takeuforward.org/linked-list/insert-at-the-head-of-a-linked-list
Learn LinkedList,Learn 1D LinkedList,Deletion of the head of LL,Easy,https://leetcode.com/problems/delete-node-in-a-linked-list/
Learn LinkedList,Learn 1D LinkedList,Find the length of the Linked List,Easy,https://takeuforward.org/linked-list/find-the-length-of-a-linked-list
Learn LinkedList,Learn 1D LinkedList,Search in Linked List,Medium,https://takeuforward.org/linked-list/search-an-element-in-a-linked-list
Learn LinkedList,Learn Doubly LinkedList,Introduction to Doubly LL,Easy,https://takeuforward.org/linked-list/introduction-to-doubly-linked-list
Learn LinkedList,Learn Doubly LinkedList,Insert node before head in Doubly Linked List,Easy,https://takeuforward.org/data-structure/insert-at-end-of-doubly-linked-list/
Learn LinkedList,Learn Doubly LinkedList,Delete head of Doubly Linked List,Easy,https://takeuforward.org/data-structure/delete-last-node-of-a-doubly-linked-list/
Learn LinkedList,Learn Doubly LinkedList,Reverse a Doubly Linked List,Medium,https://takeuforward.org/data-structure/reverse-a-doubly-linked-list/
Learn LinkedList,Medium Problems of LL,Middle of a LinkedList [TortoiseHare Method],Easy,https://leetcode.com/problems/middle-of-the-linked-list/
Learn LinkedList,Medium Problems of LL,Reverse a LinkedList [Iterative],Medium,https://leetcode.com/problems/reverse-linked-list/
Learn LinkedList,Medium Problems of LL,Reverse a LL,Medium,https://leetcode.com/problems/reverse-linked-list/
Learn LinkedList,Medium Problems of LL,Detect a loop in LL,Medium,https://leetcode.com/problems/linked-list-cycle/
Learn LinkedList,Medium Problems of LL,Find the starting point in LL,Medium,https://leetcode.com/problems/linked-list-cycle-ii/
Learn LinkedList,Medium Problems of LL,Length of loop in LL,Medium,https://takeuforward.org/linked-list/length-of-loop-in-linked-list
Learn LinkedList,Medium Problems of LL,Check if LL is palindrome or not,Medium,https://leetcode.com/problems/palindrome-linked-list/
Learn LinkedList,Medium Problems of LL,Segregate odd and even nodes in Linked List,Medium,https://leetcode.com/problems/odd-even-linked-list/
Learn LinkedList,Medium Problems of LL,Remove Nth node from the back of the LL,Medium,https://leetcode.com/problems/remove-nth-node-from-end-of-list/
Learn LinkedList,Medium Problems of LL,Delete the middle node in LL,Medium,"https://leetcode.com/problems/delete-the-middle-node-of-a-linked-list/#:~:text=You%20are%20given%20the%20head,than%20or%20equal%20to%20x%20."
Learn LinkedList,Medium Problems of LL,Sort LL,Hard,https://leetcode.com/problems/sort-list/
Learn LinkedList,Medium Problems of LL,Sort a Linked List of 0's 1's and 2's,Medium,https://takeuforward.org/data-structure/sort-a-linked-list-of-0s-1s-and-2s-by-changing-links
Learn LinkedList,Medium Problems of LL,Find the intersection point of Y LL,Medium,https://leetcode.com/problems/intersection-of-two-linked-lists/
Learn LinkedList,Medium Problems of LL,Add one to a number represented by LL,Medium,https://takeuforward.org/data-structure/add-1-to-a-number-represented-by-ll
Learn LinkedList,Medium Problems of LL,Add two numbers in Linked List,Medium,https://leetcode.com/problems/add-two-numbers/
Learn LinkedList,Medium Problems of DLL,Delete all occurrences of a key in DLL,Hard,https://takeuforward.org/data-structure/delete-all-occurrences-of-a-key-in-dll
Learn LinkedList,Medium Problems of DLL,Find Pairs with Given Sum in Doubly Linked List,Medium,https://takeuforward.org/data-structure/find-pairs-with-given-sum-in-doubly-linked-list
Learn LinkedList,Medium Problems of DLL,Remove duplicates from sorted DLL,Hard,https://takeuforward.org/data-structure/remove-duplicates-from-sorted-dll
Learn LinkedList,Hard Problems of LL,Reverse LL in group of given size K,Hard,https://leetcode.com/problems/reverse-nodes-in-k-group/
Learn LinkedList,Hard Problems of LL,Rotate a LL,Hard,https://leetcode.com/problems/rotate-list/description/
Learn LinkedList,Hard Problems of LL,Flattening of LL,Hard,https://takeuforward.org/data-structure/flattening-a-linked-list/
Learn LinkedList,Hard Problems of LL,Clone a LL with random and next pointer,Hard,https://leetcode.com/problems/copy-list-with-random-pointer/
Recursion,Get a Strong Hold,Recursive Implementation of atoi(),Medium,https://leetcode.com/problems/string-to-integer-atoi/
Recursion,Get a Strong Hold,"Pow(x, n)",Easy,https://leetcode.com/problems/powx-n/
Recursion,Get a Strong Hold,Count Good Numbers,Medium,https://leetcode.com/problems/count-good-numbers/
Recursion,Get a Strong Hold,Sort a stack using recursion,Medium,https://takeuforward.org/data-structure/sort-a-stack
Recursion,Get a Strong Hold,Reverse a Stack,Medium,https://takeuforward.org/data-structure/reverse-a-stack-using-recursion
Recursion,Subsequences Pattern,Generate Binary Strings Without Consecutive 1s,Medium,https://takeuforward.org/data-structure/generate-all-binary-strings
Recursion,Subsequences Pattern,Generate Parentheses,Medium,https://leetcode.com/problems/generate-parentheses/
Recursion,Subsequences Pattern,Power Set,Medium,https://takeuforward.org/data-structure/power-set-print-all-the-possible-subsequences-of-the-string/
Recursion,Subsequences Pattern,Learn All Patterns of Subsequences (Theory),Easy,https://takeuforward.org/data-structure/learn-all-patterns-of-subsequences-theory
Recursion,Subsequences Pattern,Count all subsequences with sum K,Easy,https://takeuforward.org/data-structure/count-all-subsequences-with-sum-k
Recursion,Subsequences Pattern,Check if there exists a subsequence with sum K,Easy,https://takeuforward.org/data-structure/check-if-there-exists-a-subsequence-with-sum-k
Recursion,Subsequences Pattern,Combination Sum,Medium,https://leetcode.com/problems/combination-sum/
Recursion,Subsequences Pattern,Combination Sum II,Medium,https://leetcode.com/problems/combination-sum-ii/
Recursion,Subsequences Pattern,Subsets I,Medium,https://takeuforward.org/data-structure/subset-sum-sum-of-all-subsets/
Recursion,Subsequences Pattern,Subsets II,Medium,https://leetcode.com/problems/subsets-ii/
Recursion,Subsequences Pattern,Combination Sum III,Medium,https://leetcode.com/problems/combination-sum-iii/
Recursion,Subsequences Pattern,Letter Combinations of a Phone Number,Hard,https://leetcode.com/problems/letter-combinations-of-a-phone-number/
Recursion,Trying out all Combos / Hard,Palindrome partitioning,Hard,
Recursion,Trying out all Combos / Hard,Word Search,Hard,https://leetcode.com/problems/word-search/
Recursion,Trying out all Combos / Hard,N Queen,Hard,https://leetcode.com/problems/n-queens/
Recursion,Trying out all Combos / Hard,Rat in a Maze,Hard,https://takeuforward.org/data-structure/rat-in-a-maze/
Recursion,Trying out all Combos / Hard,Word Break,Medium,
Recursion,Trying out all Combos / Hard,M Coloring Problem,Hard,https://takeuforward.org/data-structure/m-coloring-problem/
Recursion,Trying out all Combos / Hard,Sudoku Solver,Hard,https://leetcode.com/problems/sudoku-solver/
Recursion,Trying out all Combos / Hard,Expression Add Operators,Hard,https://leetcode.com/problems/expression-add-operators/
Bit Manipulation,Learn Bit Manipulation,Introduction to Bits and Tricks,Easy,https://takeuforward.org/data-structure/introduction-to-bit-manipulation-theory
Bit Manipulation,Learn Bit Manipulation,Check if the i-th bit is Set or Not,Easy,https://takeuforward.org/data-structure/check-if-the-i-th-bit-is-set-or-not
Bit Manipulation,Learn Bit Manipulation,Check if a Number is Odd or Not,Easy,https://takeuforward.org/data-structure/check-if-a-number-is-odd-or-not
Bit Manipulation,Learn Bit Manipulation,Check if a Number is Power of 2 or Not,Easy,https://leetcode.com/problems/power-of-two/
Bit Manipulation,Learn Bit Manipulation,Count the Number of Set Bits,Easy,https://takeuforward.org/data-structure/count-the-number-of-set-bits
Bit Manipulation,Learn Bit Manipulation,Set/Unset the rightmost unset bit,Easy,https://takeuforward.org/data-structure/set-the-rightmost-bit
Bit Manipulation,Learn Bit Manipulation,Swap Two Numbers,Easy,https://takeuforward.org/data-structure/swap-two-numbers
Bit Manipulation,Learn Bit Manipulation,Divide two numbers without multiplication and division,Medium,https://leetcode.com/problems/divide-two-integers/
Bit Manipulation,Interview Problems,Minimum Bit Flips to Convert Number,Medium,https://leetcode.com/problems/minimum-bit-flips-to-convert-number/
Bit Manipulation,Interview Problems,Single Number - I,Medium,https://leetcode.com/problems/single-number/
Bit Manipulation,Interview Problems,Power Set Bit Manipulation,Medium,https://leetcode.com/problems/subsets/
Bit Manipulation,Interview Problems,XOR of numbers in a given range,Medium,https://takeuforward.org/data-structure/find-xor-of-numbers-from-l-to-r
Bit Manipulation,Interview Problems,Single Number - III,Medium,https://takeuforward.org/data-structure/find-the-two-numbers-appearing-odd-number-of-times
Bit Manipulation,Advanced Maths,Print Prime Factors of a Number,Hard,https://takeuforward.org/data-structure/find-the-two-numbers-appearing-odd-number-of-times
Bit Manipulation,Advanced Maths,Divisors of a Number,Easy,https://takeuforward.org/data-structure/print-all-divisors-of-a-given-number/
Bit Manipulation,Advanced Maths,Count primes in range L to R,Hard,https://leetcode.com/problems/count-primes/
Bit Manipulation,Advanced Maths,Prime factorisation of a Number,Hard,https://takeuforward.org/data-structure/find-the-two-numbers-appearing-odd-number-of-times
Bit Manipulation,Advanced Maths,"Pow(x,n)",Easy,https://leetcode.com/problems/powx-n/
Stack and Queues,Learning,Implement Stack using Arrays,Easy,https://takeuforward.org/data-structure/implement-stack-using-array/
Stack and Queues,Learning,Implement Queue using Arrays,Easy,https://takeuforward.org/data-structure/implement-queue-using-array/
Stack and Queues,Learning,Implement Stack using Queue,Easy,https://leetcode.com/problems/implement-stack-using-queues/
Stack and Queues,Learning,Implement Queue using Stack,Easy,https://leetcode.com/problems/implement-queue-using-stacks/
Stack and Queues,Learning,Implement stack using Linkedlist,Easy,https://takeuforward.org/data-structure/implement-stack-using-linked-list/
Stack and Queues,Learning,Implement queue using Linkedlist,Easy,https://takeuforward.org/data-structure/implement-queue-using-linked-list/
Stack and Queues,Learning,Balanced Paranthesis,Easy,https://leetcode.com/problems/valid-parentheses/
Stack and Queues,Learning,Implement Min Stack,Hard,https://leetcode.com/problems/min-stack/
Stack and Queues,"Prefix, Infix, PostFix Conversion Problems",Infix to Postfix Conversion,Medium,https://takeuforward.org/data-structure/infix-to-postfix/
Stack and Queues,"Prefix, Infix, PostFix Conversion Problems",Prefix to Infix Conversion,Medium,https://takeuforward.org/data-structure/prefix-to-infix-conversion
Stack and Queues,"Prefix, Infix, PostFix Conversion Problems",Prefix to Postfix Conversion,Medium,https://takeuforward.org/data-structure/prefix-to-postfix-conversion
Stack and Queues,"Prefix, Infix, PostFix Conversion Problems",Postfix to Prefix Conversion,Medium,https://takeuforward.org/data-structure/postfix-to-prefix-conversion
Stack and Queues,"Prefix, Infix, PostFix Conversion Problems",Postfix to Infix Conversion,Easy,https://takeuforward.org/data-structure/postfix-to-infix
Stack and Queues,"Prefix, Infix, PostFix Conversion Problems",Infix to Prefix Conversion,Medium,https://takeuforward.org/data-structure/infix-to-prefix/
Stack and Queues,Monotonic Stack/Queue Problems [VVV. Imp],Next Greater Element,Medium,https://leetcode.com/problems/next-greater-element-i/
Stack and Queues,Monotonic Stack/Queue Problems [VVV. Imp],Next Greater Element - 2,Medium,https://leetcode.com/problems/next-greater-element-ii/
Stack and Queues,Monotonic Stack/Queue Problems [VVV. Imp],Next Smaller Element,Medium,https://takeuforward.org/data-structure/next-smaller-element
Stack and Queues,Monotonic Stack/Queue Problems [VVV. Imp],Number of Greater Elements to the Right,Easy,https://takeuforward.org/data-structure/number-of-nges-to-the-right
Stack and Queues,Monotonic Stack/Queue Problems [VVV. Imp],Trapping Rainwater,Hard,https://leetcode.com/problems/trapping-rain-water/
Stack and Queues,Monotonic Stack/Queue Problems [VVV. Imp],Sum of Subarray Minimums,Medium,https://leetcode.com/problems/sum-of-subarray-minimums/
Stack and Queues,Monotonic Stack/Queue Problems [VVV. Imp],Asteroid Collision,Medium,https://leetcode.com/problems/asteroid-collision/
Stack and Queues,Monotonic Stack/Queue Problems [VVV. Imp],Sum of Subarray Ranges,Medium,https://leetcode.com/problems/sum-of-subarray-ranges/
Stack and Queues,Monotonic Stack/Queue Problems [VVV. Imp],Remove K Digits,Medium,https://leetcode.com/problems/remove-k-digits/
Stack and Queues,Monotonic Stack/Queue Problems [VVV. Imp],Largest rectangle in a histogram,Hard,https://leetcode.com/problems/largest-rectangle-in-histogram/
Stack and Queues,Monotonic Stack/Queue Problems [VVV. Imp],Maximum Rectangles,Hard,https://leetcode.com/problems/maximal-rectangle/
Stack and Queues,Implementation Problems,Sliding Window Maximum,Hard,https://leetcode.com/problems/sliding-window-maximum/
Stack and Queues,Implementation Problems,Stock span problem,Hard,https://leetcode.com/problems/online-stock-span/
Stack and Queues,Implementation Problems,Celebrity Problem,Hard,https://leetcode.com/accounts/login/?next=/problems/find-the-celebrity/
Stack and Queues,Implementation Problems,LRU Cache,Medium,https://takeuforward.org/data-structure/program-for-least-recently-used-lru-page-replacement-algorithm
Stack and Queues,Implementation Problems,LFU Cache,Hard,https://leetcode.com/problems/lfu-cache/
Sliding Window and Two Pointer Combined Problems,Medium Problems,Longest Substring Without Repeating Characters,Medium,https://leetcode.com/problems/longest-substring-without-repeating-characters/
Sliding Window and Two Pointer Combined Problems,Medium Problems,Max Consecutive Ones III,Medium,https://leetcode.com/problems/max-consecutive-ones-iii/
Sliding Window and Two Pointer Combined Problems,Medium Problems,Fruit Into Baskets,Medium,https://leetcode.com/problems/fruit-into-baskets/description/
Sliding Window and Two Pointer Combined Problems,Medium Problems,Longest Repeating Character Replacement,Hard,https://leetcode.com/problems/longest-repeating-character-replacement/
Sliding Window and Two Pointer Combined Problems,Medium Problems,Binary Subarrays With Sum,Hard,https://leetcode.com/problems/binary-subarrays-with-sum/
Sliding Window and Two Pointer Combined Problems,Medium Problems,Count number of Nice subarrays,Hard,https://leetcode.com/problems/count-number-of-nice-subarrays/
Sliding Window and Two Pointer Combined Problems,Medium Problems,Number of Substrings Containing All Three Characters,Hard,https://leetcode.com/problems/number-of-substrings-containing-all-three-characters/
Sliding Window and Two Pointer Combined Problems,Medium Problems,Maximum Points You Can Obtain from Cards,Medium,https://leetcode.com/problems/maximum-points-you-can-obtain-from-cards/
Sliding Window and Two Pointer Combined Problems,Hard Problems,Longest Substring With At Most K Distinct Characters,Hard,https://leetcode.com/problems/longest-substring-with-at-most-k-distinct-characters/
Sliding Window and Two Pointer Combined Problems,Hard Problems,Subarrays with K Different Integers,Medium,https://leetcode.com/problems/subarrays-with-k-different-integers/
Sliding Window and Two Pointer Combined Problems,Hard Problems,Minimum Window Substring,Hard,https://leetcode.com/problems/minimum-window-substring/
Sliding Window and Two Pointer Combined Problems,Hard Problems,Minimum Window Subsequence,Hard,https://leetcode.com/problems/minimum-window-subsequence/
Heaps,Learning,Heaps (Theory Video),Easy,https://takeuforward.org/data-structure/introduction-to-priority-queues-using-binary-heaps
Heaps,Learning,Implement Min Heap,Medium,
Heaps,Learning,Check if an array represents a min heap,Medium,https://takeuforward.org/data-structure/check-if-an-array-represents-a-min-heap
Heaps,Learning,Convert Min Heap to Max Heap,Medium,
Heaps,Medium Problems,K-th Largest element in an array,Medium,https://takeuforward.org/data-structure/kth-largest-smallest-element-in-an-array/
Heaps,Medium Problems,Kth smallest element in an array [use priority queue],Medium,https://takeuforward.org/data-structure/kth-largest-smallest-element-in-an-array/
Heaps,Medium Problems,Sort K sorted array,Easy,https://takeuforward.org/data-structure/sort-k-sorted-array
Heaps,Medium Problems,Merge K sorted Lists,Hard,https://leetcode.com/problems/merge-k-sorted-lists/
Heaps,Medium Problems,Replace Elements by Their Rank,Easy,https://takeuforward.org/data-structure/replace-elements-by-its-rank-in-the-array/
Heaps,Medium Problems,Task Scheduler,Medium,https://leetcode.com/problems/task-scheduler/
Heaps,Medium Problems,Hand of Straights,Medium,https://leetcode.com/problems/hand-of-straights/
Heaps,Hard Problems,Design Twitter,Medium,https://leetcode.com/problems/design-twitter/
Heaps,Hard Problems,Minimum Cost to Connect Sticks,Medium,https://takeuforward.org/data-structure/minimum-cost-to-connect-sticks
Heaps,Hard Problems,Kth largest element in a stream of running integers,Hard,"https://leetcode.com/problems/kth-largest-element-in-a-stream/#:~:text=Implement%20KthLargest%20class%3A,largest%20element%20in%20the%20stream."
Heaps,Hard Problems,Maximum Sum Combination,Hard,https://takeuforward.org/data-structure/maximum-sum-combination
Heaps,Hard Problems,Find Median from Data Stream,Hard,https://leetcode.com/problems/find-median-from-data-stream/
Heaps,Hard Problems,Top K Frequent Elements,Medium,https://leetcode.com/problems/top-k-frequent-elements/
Greedy Algorithms,Easy Problems,Assign Cookies,Easy,https://leetcode.com/problems/assign-cookies/
Greedy Algorithms,Easy Problems,Fractional Knapsack,Medium,https://takeuforward.org/data-structure/fractional-knapsack-problem-greedy-approach/
Greedy Algorithms,Easy Problems,Lemonade Change,Easy,https://leetcode.com/problems/lemonade-change/
Greedy Algorithms,Easy Problems,Valid Paranthesis Checker,Hard,https://leetcode.com/problems/valid-parenthesis-string/
Greedy Algorithms,Medium/Hard,N meetings in one room,Medium,https://takeuforward.org/data-structure/n-meetings-in-one-room/
Greedy Algorithms,Medium/Hard,Jump Game - I,Easy,https://leetcode.com/problems/jump-game/
Greedy Algorithms,Medium/Hard,Jump Game II,Medium,https://leetcode.com/problems/jump-game-ii/
Greedy Algorithms,Medium/Hard,Minimum number of platforms required for a railway,Medium,https://takeuforward.org/data-structure/minimum-number-of-platforms-required-for-a-railway/
Greedy Algorithms,Medium/Hard,Job sequencing Problem,Medium,https://takeuforward.org/data-structure/job-sequencing-problem/
Greedy Algorithms,Medium/Hard,Candy,Hard,https://leetcode.com/problems/candy/
Greedy Algorithms,Medium/Hard,Shortest Job First,Medium,https://takeuforward.org/Greedy/shortest-job-first-or-sjf-cpu-scheduling
Greedy Algorithms,Medium/Hard,Program for Least Recently Used (LRU) Page Replacement Algorithm,Medium,https://takeuforward.org/data-structure/program-for-least-recently-used-lru-page-replacement-algorithm
Greedy Algorithms,Medium/Hard,Insert Interval,Medium,https://leetcode.com/problems/insert-interval/
Greedy Algorithms,Medium/Hard,Merge Intervals,Medium,https://leetcode.com/problems/merge-intervals/
Greedy Algorithms,Medium/Hard,Non-overlapping Intervals,Medium,https://leetcode.com/problems/non-overlapping-intervals/
Binary Trees,Traversals,Introduction to Trees,Easy,https://takeuforward.org/binary-tree/introduction-to-trees/
Binary Trees,Traversals,Binary Tree Representation in Java,Easy,https://takeuforward.org/binary-tree/binary-tree-representation-in-java/
Binary Trees,Traversals,"Pre, Post, Inorder in one traversal",Easy,https://takeuforward.org/data-structure/preorder-inorder-postorder-traversals-in-one-traversal/
Binary Trees,Traversals,Preorder Traversal,Easy,https://leetcode.com/problems/binary-tree-preorder-traversal/
Binary Trees,Traversals,Inorder Traversal of Binary Tree,Easy,https://leetcode.com/problems/binary-tree-inorder-traversal/
Binary Trees,Traversals,Postorder Traversal,Easy,https://leetcode.com/problems/binary-tree-postorder-traversal/
Binary Trees,Traversals,Level Order Traversal,Easy,https://leetcode.com/problems/binary-tree-level-order-traversal/
Binary Trees,Traversals,Iterative Preorder Traversal of Binary Tree,Easy,https://leetcode.com/problems/binary-tree-preorder-traversal/
Binary Trees,Traversals,Iterative Inorder Traversal of Binary Tree,Easy,https://leetcode.com/problems/binary-tree-inorder-traversal/
Binary Trees,Traversals,Post-order Traversal of Binary Tree using 2 stack,Easy,https://leetcode.com/problems/binary-tree-postorder-traversal/
Binary Trees,Traversals,Post-order Traversal of Binary Tree using 1 stack,Easy,https://leetcode.com/problems/binary-tree-postorder-traversal/
Binary Trees,Traversals,"Preorder, Inorder, and Postorder Traversal in one Traversal",Easy,https://takeuforward.org/data-structure/preorder-inorder-postorder-traversals-in-one-traversal/
Binary Trees,Medium Problems,Maximum Depth in BT,Medium,https://leetcode.com/problems/maximum-depth-of-binary-tree/
Binary Trees,Medium Problems,Check for balanced binary tree,Medium,https://leetcode.com/problems/balanced-binary-tree/
Binary Trees,Medium Problems,Diameter of Binary Tree,Easy,https://leetcode.com/problems/diameter-of-binary-tree/
Binary Trees,Medium Problems,Maximum path sum,Medium,https://leetcode.com/problems/binary-tree-maximum-path-sum/
Binary Trees,Medium Problems,Check if two trees are identical or not,Medium,https://leetcode.com/problems/same-tree/
Binary Trees,Medium Problems,Zig Zag or Spiral Traversal,Medium,https://leetcode.com/problems/binary-tree-zigzag-level-order-traversal/
Binary Trees,Medium Problems,Boundary Traversal,Medium,https://leetcode.com/problems/boundary-of-binary-tree/
Binary Trees,Medium Problems,Vertical Order Traversal,Medium,https://leetcode.com/problems/vertical-order-traversal-of-a-binary-tree/
Binary Trees,Medium Problems,Top View of BT,Medium,https://takeuforward.org/data-structure/top-view-of-a-binary-tree/
Binary Trees,Medium Problems,Bottom view of BT,Medium,https://takeuforward.org/data-structure/bottom-view-of-a-binary-tree/
Binary Trees,Medium Problems,Right/Left View of Binary Tree,Medium,https://leetcode.com/problems/binary-tree-right-side-view/
Binary Trees,Medium Problems,Symmetric Binary Tree,Medium,https://leetcode.com/problems/symmetric-tree/
Binary Trees,Hard Problems,Print root to leaf path in BT,Medium,https://takeuforward.org/data-structure/print-root-to-node-path-in-a-binary-tree/
Binary Trees,Hard Problems,LCA in BT,Hard,https://leetcode.com/problems/lowest-common-ancestor-of-a-binary-tree/
Binary Trees,Hard Problems,Maximum Width of BT,Medium,https://leetcode.com/problems/maximum-width-of-binary-tree/
Binary Trees,Hard Problems,Children Sum Property in Binary Tree,Medium,https://takeuforward.org/data-structure/check-for-children-sum-property-in-a-binary-tree/
Binary Trees,Hard Problems,Print all nodes at a distance of K in BT,Hard,https://leetcode.com/problems/all-nodes-distance-k-in-binary-tree/
Binary Trees,Hard Problems,Minimum time taken to burn the BT from a given Node,Hard,https://takeuforward.org/data-structure/minimum-time-taken-to-burn-the-binary-tree-from-a-node
Binary Trees,Hard Problems,Count total nodes in a complete BT,Easy,https://leetcode.com/problems/count-complete-tree-nodes/
Binary Trees,Hard Problems,Requirements needed to construct a unique BT,Medium,
Binary Trees,Hard Problems,Construct a BT from Preorder and Inorder,Hard,https://leetcode.com/problems/construct-binary-tree-from-preorder-and-inorder-traversal/
Binary Trees,Hard Problems,Construct the Binary Tree from Postorder and Inorder Traversal,Hard,https://leetcode.com/problems/construct-binary-tree-from-inorder-and-postorder-traversal/
Binary Trees,Hard Problems,Serialize and De-serialize BT,Hard,https://leetcode.com/problems/serialize-and-deserialize-binary-tree/
Binary Trees,Hard Problems,Morris Preorder Traversal of a Binary Tree,Hard,https://leetcode.com/problems/binary-tree-inorder-traversal/
Binary Trees,Hard Problems,Morris Inorder Traversal of a Binary Tree,Hard,https://leetcode.com/problems/binary-tree-inorder-traversal/
Binary Trees,Hard Problems,Flatten Binary Tree to Linked List,Medium,https://leetcode.com/problems/flatten-binary-tree-to-linked-list/
Binary Search Trees,Concepts,Introduction to BST,Easy,https://takeuforward.org/binary-search-tree/introduction-to-binary-search-trees/
Binary Search Trees,Concepts,Search in a Binary Search Tree,Easy,https://leetcode.com/problems/search-in-a-binary-search-tree/
Binary Search Trees,Concepts,Find Min/Max in BST,Easy,https://takeuforward.org/data-structure/find-minmax-in-a-bst
Binary Search Trees,Practice Problems,Floor and Ceil in a BST,Easy,
Binary Search Trees,Practice Problems,Floor in a Binary Search Tree,Easy,https://takeuforward.org/binary-search-tree/floor-in-a-binary-search-tree/
Binary Search Trees,Practice Problems,Insert a given node in BST,Medium,https://leetcode.com/problems/insert-into-a-binary-search-tree/
Binary Search Trees,Practice Problems,Delete a node in BST,Medium,https://leetcode.com/problems/delete-node-in-a-bst/
Binary Search Trees,Practice Problems,Kth Smallest and Largest element in BST,Medium,https://leetcode.com/problems/kth-smallest-element-in-a-bst/
Binary Search Trees,Practice Problems,Check if a tree is a BST or not,Medium,https://leetcode.com/problems/validate-binary-search-tree/
Binary Search Trees,Practice Problems,LCA in BST,Medium,https://leetcode.com/problems/lowest-common-ancestor-of-a-binary-search-tree/
Binary Search Trees,Practice Problems,Construct a BST from a preorder traversal,Medium,https://leetcode.com/problems/construct-binary-search-tree-from-preorder-traversal/
Binary Search Trees,Practice Problems,Inorder Successor/Predecessor in BST,Medium,https://leetcode.com/problems/inorder-successor-in-bst/
Binary Search Trees,Practice Problems,Merge 2 BST's,Hard,https://leetcode.com/problems/binary-search-tree-iterator/
Binary Search Trees,Practice Problems,Two Sum In BST | Check if there exists a pair with Sum K,Hard,https://leetcode.com/problems/two-sum-iv-input-is-a-bst/
Binary Search Trees,Practice Problems,Correct BST with two nodes swapped,Hard,https://leetcode.com/problems/recover-binary-search-tree/
Binary Search Trees,Practice Problems,Largest BST in Binary Tree,Hard,https://leetcode.com/problems/maximum-sum-bst-in-binary-tree/
Graphs,Learning,Introduction to Graph,Easy,https://takeuforward.org/data-structure/graph-representation-in-java
Graphs,Learning,Graph Representation | C++,Easy,https://takeuforward.org/graph/graph-representation-in-c/
Graphs,Learning,Graph Representation | Java,Easy,https://takeuforward.org/data-structure/graph-representation-in-java
Graphs,Learning,Connected Components,Medium,https://takeuforward.org/data-structure/connected-components
Graphs,Learning,Traversal Techniques,Medium,https://takeuforward.org/data-structure/depth-first-search-dfs/
Graphs,Learning,DFS,Medium,https://takeuforward.org/data-structure/depth-first-search-dfs/
Graphs,Problems on BFS/DFS,Number of provinces,Medium,"https://leetcode.com/problems/number-of-provinces/#:~:text=A%20province%20is%20a%20group,the%20total%20number%20of%20provinces."
Graphs,Problems on BFS/DFS,Connected Components Problem in Matrix,Medium,https://takeuforward.org/data-structure/connected-components
Graphs,Problems on BFS/DFS,Rotten Oranges,Medium,https://leetcode.com/problems/rotting-oranges/
Graphs,Problems on BFS/DFS,Flood fill algorithm,Medium,https://leetcode.com/problems/flood-fill/
Graphs,Problems on BFS/DFS,Cycle Detection in Undirected Graph (bfs),Hard,https://takeuforward.org/data-structure/detect-cycle-in-an-undirected-graph-using-bfs/
Graphs,Problems on BFS/DFS,Detect a cycle in an undirected graph,Hard,https://leetcode.com/problems/course-schedule/
Graphs,Problems on BFS/DFS,Distance of nearest cell having one,Medium,https://leetcode.com/problems/01-matrix/
Graphs,Problems on BFS/DFS,Surrounded Regions,Medium,https://leetcode.com/problems/surrounded-regions/
Graphs,Problems on BFS/DFS,Number of enclaves,Medium,https://leetcode.com/problems/number-of-enclaves/
Graphs,Problems on BFS/DFS,Word ladder I,Hard,https://leetcode.com/problems/word-ladder/
Graphs,Problems on BFS/DFS,Word ladder II,Hard,https://leetcode.com/problems/word-ladder-ii/
Graphs,Problems on BFS/DFS,Number of islands,Medium,https://leetcode.com/problems/number-of-islands/
Graphs,Problems on BFS/DFS,Bipartite Graph (DFS),Hard,https://leetcode.com/problems/is-graph-bipartite/
Graphs,Problems on BFS/DFS,Cycle Detection in Directed Graph (DFS),Hard,https://leetcode.com/problems/course-schedule-ii/discuss/293048/detecting-cycle-in-directed-graph-problem
Graphs,Topo Sort and Problems,Topo Sort,Hard,https://takeuforward.org/data-structure/topological-sort-algorithm-dfs-g-21/
Graphs,Topo Sort and Problems,Topological sort or Kahn's algorithm,Hard,https://takeuforward.org/data-structure/topological-sort-algorithm-dfs-g-21/
Graphs,Topo Sort and Problems,Detect a cycle in a directed graph,Hard,https://leetcode.com/problems/course-schedule/
Graphs,Topo Sort and Problems,Course Schedule I,Hard,https://leetcode.com/problems/course-schedule/
Graphs,Topo Sort and Problems,Course Schedule II,Medium,https://leetcode.com/problems/course-schedule-ii/
Graphs,Topo Sort and Problems,Find eventual safe states,Hard,https://leetcode.com/problems/find-eventual-safe-states/
Graphs,Topo Sort and Problems,Alien Dictionary,Hard,https://leetcode.com/problems/alien-dictionary/solution/
Graphs,Shortest Path Algorithms and Problems,Shortest path in undirected graph with unit weights,Hard,https://takeuforward.org/data-structure/shortest-path-in-undirected-graph-with-unit-distance-g-28/
Graphs,Shortest Path Algorithms and Problems,Shortest path in DAG,Hard,https://takeuforward.org/data-structure/shortest-path-in-directed-acyclic-graph-topological-sort-g-27/
Graphs,Shortest Path Algorithms and Problems,Djisktra's Algorithm,Hard,https://takeuforward.org/data-structure/dijkstras-algorithm-using-set-g-33/
Graphs,Shortest Path Algorithms and Problems,Why priority Queue is used in Djisktra's Algorithm,Hard,https://takeuforward.org/data-structure/dijkstras-algorithm-using-priority-queue-g-32/
Graphs,Shortest Path Algorithms and Problems,Shortest Distance in a Binary Maze,Hard,https://leetcode.com/problems/shortest-path-in-binary-matrix/
Graphs,Shortest Path Algorithms and Problems,Path with minimum effort,Hard,https://leetcode.com/problems/path-with-minimum-effort/
Graphs,Shortest Path Algorithms and Problems,Cheapest flight within K stops,Hard,https://leetcode.com/problems/cheapest-flights-within-k-stops/
Graphs,Shortest Path Algorithms and Problems,Network Delay Time,Medium,https://leetcode.com/problems/network-delay-time/
Graphs,Shortest Path Algorithms and Problems,Number of ways to arrive at destination,Hard,https://leetcode.com/problems/number-of-ways-to-arrive-at-destination/
Graphs,Shortest Path Algorithms and Problems,Minimum multiplications to reach end,Hard,https://takeuforward.org/graph/g-39-minimum-multiplications-to-reach-end/
Graphs,Shortest Path Algorithms and Problems,Bellman Ford Algorithm,Hard,https://takeuforward.org/data-structure/bellman-ford-algorithm-g-41/
Graphs,Shortest Path Algorithms and Problems,Floyd warshall algorithm,Hard,https://takeuforward.org/data-structure/floyd-warshall-algorithm-g-42/
Graphs,Shortest Path Algorithms and Problems,Find the city with the smallest number of neighbors,Hard,https://leetcode.com/problems/find-the-city-with-the-smallest-number-of-neighbors-at-a-threshold-distance/
Graphs,MinimumSpanningTree/Disjoint Set and Problems,MST theory,Easy,https://takeuforward.org/data-structure/minimum-spanning-tree-theory-g-44/
Graphs,MinimumSpanningTree/Disjoint Set and Problems,Prim's Algorithm,Hard,https://takeuforward.org/data-structure/prims-algorithm-minimum-spanning-tree-c-and-java-g-45/
Graphs,MinimumSpanningTree/Disjoint Set and Problems,Disjoint Set,Hard,https://takeuforward.org/data-structure/disjoint-set-union-by-rank-union-by-size-path-compression-g-46/
Graphs,MinimumSpanningTree/Disjoint Set and Problems,Find the MST weight,Hard,https://takeuforward.org/data-structure/prims-algorithm-minimum-spanning-tree-c-and-java-g-45/
Graphs,MinimumSpanningTree/Disjoint Set and Problems,Number of operations to make network connected,Hard,https://leetcode.com/problems/number-of-operations-to-make-network-connected/
Graphs,MinimumSpanningTree/Disjoint Set and Problems,Most stones removed with same row or column,Medium,https://leetcode.com/problems/most-stones-removed-with-same-row-or-column/
Graphs,MinimumSpanningTree/Disjoint Set and Problems,Accounts merge,Hard,https://leetcode.com/problems/accounts-merge/
Graphs,MinimumSpanningTree/Disjoint Set and Problems,Number of islands II,Hard,https://leetcode.com/problems/number-of-islands-ii/
Graphs,MinimumSpanningTree/Disjoint Set and Problems,Making a large island,Hard,https://leetcode.com/problems/making-a-large-island/
Graphs,MinimumSpanningTree/Disjoint Set and Problems,Swim in Rising Water,Medium,https://leetcode.com/problems/swim-in-rising-water/
Graphs,Other Algorithms,Bridges in graph,Hard,https://leetcode.com/problems/critical-connections-in-a-network/discuss/382385/find-bridges-in-a-graph
Graphs,Other Algorithms,Articulation point in graph,Hard,https://takeuforward.org/data-structure/articulation-point-in-graph-g-56/
Graphs,Other Algorithms,Kosaraju's algorithm,Hard,https://leetcode.com/problems/maximum-number-of-non-overlapping-substrings/discuss/766485/kosaraju-algorithm-on
Dynamic Programming,Introduction to DP,Introduction to DP,Easy,https://takeuforward.org/data-structure/dynamic-programming-introduction/
Dynamic Programming,1D DP,Climbing stairs,Medium,https://leetcode.com/problems/climbing-stairs/
Dynamic Programming,1D DP,Frog Jump,Medium,https://takeuforward.org/data-structure/dynamic-programming-frog-jump-dp-3/
Dynamic Programming,1D DP,Frog jump with K distances,Medium,https://takeuforward.org/data-structure/dynamic-programming-frog-jump-with-k-distances-dp-4/
Dynamic Programming,1D DP,Maximum sum of non adjacent elements,Medium,https://leetcode.com/problems/house-robber/
Dynamic Programming,1D DP,House robber,Medium,https://leetcode.com/problems/house-robber-ii/
Dynamic Programming,2D/3D DP and DP on Grids,Ninja's training,Medium,https://takeuforward.org/data-structure/dynamic-programming-ninjas-training-dp-7/
Dynamic Programming,2D/3D DP and DP on Grids,Grid Unique Paths : DP on Grids (DP8),Medium,https://leetcode.com/problems/unique-paths/
Dynamic Programming,2D/3D DP and DP on Grids,Unique paths II,Medium,https://leetcode.com/problems/unique-paths-ii/
Dynamic Programming,2D/3D DP and DP on Grids,Minimum Falling Path Sum,Medium,https://leetcode.com/problems/minimum-path-sum/
Dynamic Programming,2D/3D DP and DP on Grids,Triangle,Medium,https://leetcode.com/problems/triangle/
Dynamic Programming,2D/3D DP and DP on Grids,Ninja and his Friends,Medium,https://takeuforward.org/data-structure/3-d-dp-ninja-and-his-friends-dp-13/
Dynamic Programming,DP on Subsequences,Subset sum equal to target (DP- 14),Hard,https://takeuforward.org/data-structure/subset-sum-equal-to-target-dp-14/
Dynamic Programming,DP on Subsequences,Partition equal subset sum,Hard,https://leetcode.com/problems/partition-equal-subset-sum/
Dynamic Programming,DP on Subsequences,Partition a set into two subsets with minimum absolute sum difference,Hard,https://leetcode.com/problems/partition-array-into-two-arrays-to-minimize-sum-difference/
Dynamic Programming,DP on Subsequences,Count subsets with sum K,Hard,https://takeuforward.org/data-structure/count-subsets-with-sum-k-dp-17/
Dynamic Programming,DP on Subsequences,Count partitions with given difference,Hard,https://takeuforward.org/data-structure/count-partitions-with-given-difference-dp-18/
Dynamic Programming,DP on Subsequences,Assign Cookies,Easy,https://leetcode.com/problems/assign-cookies/
Dynamic Programming,DP on Subsequences,Minimum Coins (DP - 20),Hard,https://leetcode.com/problems/coin-change/
Dynamic Programming,DP on Subsequences,Target sum,Hard,https://leetcode.com/problems/target-sum/
Dynamic Programming,DP on Subsequences,Coin Change 2 (DP - 22),Hard,https://leetcode.com/problems/coin-change-2/
Dynamic Programming,DP on Subsequences,Unbounded knapsack,Hard,https://takeuforward.org/data-structure/unbounded-knapsack-dp-23/
Dynamic Programming,DP on Subsequences,Rod Cutting Problem | (DP - 24),Hard,https://takeuforward.org/data-structure/rod-cutting-problem-dp-24/
Dynamic Programming,DP on Strings,Longest common subsequence,Hard,https://takeuforward.org/data-structure/print-longest-common-subsequence-dp-26/
Dynamic Programming,DP on Strings,Print Longest Common Subsequence | (DP - 26),Hard,https://takeuforward.org/data-structure/print-longest-common-subsequence-dp-26/
Dynamic Programming,DP on Strings,Longest common substring,Hard,https://takeuforward.org/data-structure/longest-common-substring-dp-27/
Dynamic Programming,DP on Strings,Longest palindromic subsequence,Hard,https://leetcode.com/problems/longest-palindromic-subsequence/
Dynamic Programming,DP on Strings,Minimum insertions to make string palindrome | DP-29,Hard,https://leetcode.com/problems/minimum-insertion-steps-to-make-a-string-palindrome/
Dynamic Programming,DP on Strings,Minimum insertions or deletions to convert string A to B,Hard,https://leetcode.com/problems/delete-operation-for-two-strings/
Dynamic Programming,DP on Strings,Shortest common supersequence,Hard,https://leetcode.com/problems/shortest-common-supersequence/
Dynamic Programming,DP on Strings,Distinct subsequences,Hard,https://leetcode.com/problems/distinct-subsequences/
Dynamic Programming,DP on Strings,Edit distance,Hard,https://leetcode.com/problems/edit-distance/
Dynamic Programming,DP on Strings,Wildcard matching,Hard,https://leetcode.com/problems/wildcard-matching/
Dynamic Programming,DP on Stocks,Best time to buy and sell stock,Medium,https://leetcode.com/problems/best-time-to-buy-and-sell-stock/
Dynamic Programming,DP on Stocks,Best time to buy and sell stock II,Medium,https://leetcode.com/problems/best-time-to-buy-and-sell-stock-ii/
Dynamic Programming,DP on Stocks,Best time to buy and sell stock III,Medium,https://leetcode.com/problems/best-time-to-buy-and-sell-stock-iii/description/
Dynamic Programming,DP on Stocks,Best time to buy and sell stock IV,Medium,https://leetcode.com/problems/best-time-to-buy-and-sell-stock-iv/
Dynamic Programming,DP on Stocks,Best Time to Buy and Sell Stock with Cooldown,Medium,https://leetcode.com/problems/best-time-to-buy-and-sell-stock-with-cooldown/
Dynamic Programming,DP on Stocks,Best time to buy and sell stock with transaction fees,Medium,https://leetcode.com/problems/best-time-to-buy-and-sell-stock-with-transaction-fee/
Dynamic Programming,DP on LIS,Longest Increasing Subsequence,Medium,https://takeuforward.org/data-structure/longest-increasing-subsequence-binary-search-dp-43/
Dynamic Programming,DP on LIS,Print Longest Increasing Subsequence,Medium,https://takeuforward.org/data-structure/printing-longest-increasing-subsequence-dp-42/
Dynamic Programming,DP on LIS,Longest Increasing Subsequence |(DP-43),Medium,https://takeuforward.org/data-structure/longest-increasing-subsequence-binary-search-dp-43/
Dynamic Programming,DP on LIS,Largest Divisible Subset,Medium,https://leetcode.com/problems/largest-divisible-subset/
Dynamic Programming,DP on LIS,Longest String Chain,Medium,https://leetcode.com/problems/longest-string-chain/
Dynamic Programming,DP on LIS,Longest Bitonic Subsequence,Medium,https://takeuforward.org/data-structure/longest-bitonic-subsequence-dp-46/
Dynamic Programming,DP on LIS,Number of Longest Increasing Subsequences,Medium,https://leetcode.com/problems/number-of-longest-increasing-subsequence/
Dynamic Programming,MCM DP | Partition DP,Matrix chain multiplication,Hard,https://takeuforward.org/dynamic-programming/matrix-chain-multiplication-dp-48/
Dynamic Programming,MCM DP | Partition DP,Matrix Chain Multiplication | Bottom-Up|(DP-49),Hard,https://takeuforward.org/data-structure/matrix-chain-multiplication-tabulation-method-dp-49/
Dynamic Programming,MCM DP | Partition DP,Minimum cost to cut the stick,Hard,https://leetcode.com/problems/minimum-cost-to-cut-a-stick/
Dynamic Programming,MCM DP | Partition DP,Burst balloons,Hard,https://leetcode.com/problems/burst-balloons/
Dynamic Programming,MCM DP | Partition DP,Different Ways to Evaluate a Boolean Expression,Medium,https://leetcode.com/problems/parsing-a-boolean-expression/
Dynamic Programming,MCM DP | Partition DP,Palindrome partitioning II,Hard,https://leetcode.com/problems/palindrome-partitioning-ii/
Dynamic Programming,MCM DP | Partition DP,Partition Array for Maximum Sum,Medium,https://leetcode.com/problems/partition-array-for-maximum-sum/
Dynamic Programming,DP on Squares,Maximum Rectangle Area with all 1's|(DP-55),Hard,https://leetcode.com/problems/maximal-rectangle/
Dynamic Programming,DP on Squares,Count Square Submatrices with All Ones|(DP-56),Easy,https://leetcode.com/problems/count-square-submatrices-with-all-ones/
Tries,Theory,Trie Implementation and Operations,Hard,https://leetcode.com/problems/implement-trie-prefix-tree/
Tries,Problems,Trie Implementation and Advanced Operations,Hard,https://takeuforward.org/data-structure/implement-trie-ii/
Tries,Problems,Longest Word with All Prefixes,Medium,
Tries,Problems,Number of distinct substrings in a string,Medium,https://takeuforward.org/data-structure/number-of-distinct-substrings-in-a-string-using-trie/
Tries,Problems,Bit PreRequisites for TRIE Problems,Easy,
Tries,Problems,Maximum XOR of two numbers in an array,Hard,https://leetcode.com/problems/maximum-xor-of-two-numbers-in-an-array/
Tries,Problems,Maximum Xor with an element from an array,Hard,https://leetcode.com/problems/maximum-xor-with-an-element-from-array/
"Strings, advanced",Hard Problems,Minimum number of bracket reversals to make an expression balanced,Hard,https://leetcode.com/problems/minimum-add-to-make-parentheses-valid/
"Strings, advanced",Hard Problems,Count and say,Hard,https://leetcode.com/problems/count-and-say/
"Strings, advanced",Hard Problems,Hashing In Strings | Theory,Easy,https://takeuforward.org/data-structure/hashing-in-strings
"Strings, advanced",Hard Problems,Rabin Karp Algorithm,Hard,https://leetcode.com/problems/repeated-string-match/discuss/416144/Rabin-Karp-algorithm-C%2B%2B-implementation
"Strings, advanced",Hard Problems,Z function,Hard,
"Strings, advanced",Hard Problems,KMP Algorithm or LPS array,Hard,https://leetcode.com/problems/implement-strstr/
"Strings, advanced",Hard Problems,Shortest Palindrome,Hard,
"Strings, advanced",Hard Problems,Longest happy prefix,Hard,https://leetcode.com/problems/longest-happy-prefix/
"Strings, advanced",Hard Problems,Count Palindromic Subsequences,Medium,https://leetcode.com/problems/count-palindromic-subsequences/
